--
-- PostgreSQL database dump
--

-- Dumped from database version 17.5
-- Dumped by pg_dump version 17.5

SET statement_timeout = 0;
SET lock_timeout = 0;
SET idle_in_transaction_session_timeout = 0;
SET transaction_timeout = 0;
SET client_encoding = 'UTF8';
SET standard_conforming_strings = on;
SELECT pg_catalog.set_config('search_path', '', false);
SET check_function_bodies = false;
SET xmloption = content;
SET client_min_messages = warning;
SET row_security = off;

SET default_tablespace = '';

SET default_table_access_method = heap;

--
-- Name: auth_group; Type: TABLE; Schema: public; Owner: django_user
--

CREATE TABLE public.auth_group (
    id integer NOT NULL,
    name character varying(150) NOT NULL
);


ALTER TABLE public.auth_group OWNER TO django_user;

--
-- Name: auth_group_id_seq; Type: SEQUENCE; Schema: public; Owner: django_user
--

ALTER TABLE public.auth_group ALTER COLUMN id ADD GENERATED BY DEFAULT AS IDENTITY (
    SEQUENCE NAME public.auth_group_id_seq
    START WITH 1
    INCREMENT BY 1
    NO MINVALUE
    NO MAXVALUE
    CACHE 1
);


--
-- Name: auth_group_permissions; Type: TABLE; Schema: public; Owner: django_user
--

CREATE TABLE public.auth_group_permissions (
    id bigint NOT NULL,
    group_id integer NOT NULL,
    permission_id integer NOT NULL
);


ALTER TABLE public.auth_group_permissions OWNER TO django_user;

--
-- Name: auth_group_permissions_id_seq; Type: SEQUENCE; Schema: public; Owner: django_user
--

ALTER TABLE public.auth_group_permissions ALTER COLUMN id ADD GENERATED BY DEFAULT AS IDENTITY (
    SEQUENCE NAME public.auth_group_permissions_id_seq
    START WITH 1
    INCREMENT BY 1
    NO MINVALUE
    NO MAXVALUE
    CACHE 1
);


--
-- Name: auth_permission; Type: TABLE; Schema: public; Owner: django_user
--

CREATE TABLE public.auth_permission (
    id integer NOT NULL,
    name character varying(255) NOT NULL,
    content_type_id integer NOT NULL,
    codename character varying(100) NOT NULL
);


ALTER TABLE public.auth_permission OWNER TO django_user;

--
-- Name: auth_permission_id_seq; Type: SEQUENCE; Schema: public; Owner: django_user
--

ALTER TABLE public.auth_permission ALTER COLUMN id ADD GENERATED BY DEFAULT AS IDENTITY (
    SEQUENCE NAME public.auth_permission_id_seq
    START WITH 1
    INCREMENT BY 1
    NO MINVALUE
    NO MAXVALUE
    CACHE 1
);


--
-- Name: auth_user; Type: TABLE; Schema: public; Owner: django_user
--

CREATE TABLE public.auth_user (
    id integer NOT NULL,
    password character varying(128) NOT NULL,
    last_login timestamp with time zone,
    is_superuser boolean NOT NULL,
    username character varying(150) NOT NULL,
    first_name character varying(150) NOT NULL,
    last_name character varying(150) NOT NULL,
    email character varying(254) NOT NULL,
    is_staff boolean NOT NULL,
    is_active boolean NOT NULL,
    date_joined timestamp with time zone NOT NULL
);


ALTER TABLE public.auth_user OWNER TO django_user;

--
-- Name: auth_user_groups; Type: TABLE; Schema: public; Owner: django_user
--

CREATE TABLE public.auth_user_groups (
    id bigint NOT NULL,
    user_id integer NOT NULL,
    group_id integer NOT NULL
);


ALTER TABLE public.auth_user_groups OWNER TO django_user;

--
-- Name: auth_user_groups_id_seq; Type: SEQUENCE; Schema: public; Owner: django_user
--

ALTER TABLE public.auth_user_groups ALTER COLUMN id ADD GENERATED BY DEFAULT AS IDENTITY (
    SEQUENCE NAME public.auth_user_groups_id_seq
    START WITH 1
    INCREMENT BY 1
    NO MINVALUE
    NO MAXVALUE
    CACHE 1
);


--
-- Name: auth_user_id_seq; Type: SEQUENCE; Schema: public; Owner: django_user
--

ALTER TABLE public.auth_user ALTER COLUMN id ADD GENERATED BY DEFAULT AS IDENTITY (
    SEQUENCE NAME public.auth_user_id_seq
    START WITH 1
    INCREMENT BY 1
    NO MINVALUE
    NO MAXVALUE
    CACHE 1
);


--
-- Name: auth_user_user_permissions; Type: TABLE; Schema: public; Owner: django_user
--

CREATE TABLE public.auth_user_user_permissions (
    id bigint NOT NULL,
    user_id integer NOT NULL,
    permission_id integer NOT NULL
);


ALTER TABLE public.auth_user_user_permissions OWNER TO django_user;

--
-- Name: auth_user_user_permissions_id_seq; Type: SEQUENCE; Schema: public; Owner: django_user
--

ALTER TABLE public.auth_user_user_permissions ALTER COLUMN id ADD GENERATED BY DEFAULT AS IDENTITY (
    SEQUENCE NAME public.auth_user_user_permissions_id_seq
    START WITH 1
    INCREMENT BY 1
    NO MINVALUE
    NO MAXVALUE
    CACHE 1
);


--
-- Name: core_course; Type: TABLE; Schema: public; Owner: django_user
--

CREATE TABLE public.core_course (
    id bigint NOT NULL,
    name character varying(100) NOT NULL,
    code character varying(10) NOT NULL,
    faculty_id bigint NOT NULL
);


ALTER TABLE public.core_course OWNER TO django_user;

--
-- Name: core_course_id_seq; Type: SEQUENCE; Schema: public; Owner: django_user
--

ALTER TABLE public.core_course ALTER COLUMN id ADD GENERATED BY DEFAULT AS IDENTITY (
    SEQUENCE NAME public.core_course_id_seq
    START WITH 1
    INCREMENT BY 1
    NO MINVALUE
    NO MAXVALUE
    CACHE 1
);


--
-- Name: core_registration; Type: TABLE; Schema: public; Owner: django_user
--

CREATE TABLE public.core_registration (
    id bigint NOT NULL,
    course_id bigint NOT NULL,
    student_id bigint NOT NULL
);


ALTER TABLE public.core_registration OWNER TO django_user;

--
-- Name: core_registration_id_seq; Type: SEQUENCE; Schema: public; Owner: django_user
--

ALTER TABLE public.core_registration ALTER COLUMN id ADD GENERATED BY DEFAULT AS IDENTITY (
    SEQUENCE NAME public.core_registration_id_seq
    START WITH 1
    INCREMENT BY 1
    NO MINVALUE
    NO MAXVALUE
    CACHE 1
);


--
-- Name: core_user; Type: TABLE; Schema: public; Owner: django_user
--

CREATE TABLE public.core_user (
    id bigint NOT NULL,
    password character varying(128) NOT NULL,
    last_login timestamp with time zone,
    is_superuser boolean NOT NULL,
    username character varying(150) NOT NULL,
    first_name character varying(150) NOT NULL,
    last_name character varying(150) NOT NULL,
    email character varying(254) NOT NULL,
    is_staff boolean NOT NULL,
    is_active boolean NOT NULL,
    date_joined timestamp with time zone NOT NULL,
    role character varying(10) NOT NULL
);


ALTER TABLE public.core_user OWNER TO django_user;

--
-- Name: core_user_groups; Type: TABLE; Schema: public; Owner: django_user
--

CREATE TABLE public.core_user_groups (
    id bigint NOT NULL,
    user_id bigint NOT NULL,
    group_id integer NOT NULL
);


ALTER TABLE public.core_user_groups OWNER TO django_user;

--
-- Name: core_user_groups_id_seq; Type: SEQUENCE; Schema: public; Owner: django_user
--

ALTER TABLE public.core_user_groups ALTER COLUMN id ADD GENERATED BY DEFAULT AS IDENTITY (
    SEQUENCE NAME public.core_user_groups_id_seq
    START WITH 1
    INCREMENT BY 1
    NO MINVALUE
    NO MAXVALUE
    CACHE 1
);


--
-- Name: core_user_id_seq; Type: SEQUENCE; Schema: public; Owner: django_user
--

ALTER TABLE public.core_user ALTER COLUMN id ADD GENERATED BY DEFAULT AS IDENTITY (
    SEQUENCE NAME public.core_user_id_seq
    START WITH 1
    INCREMENT BY 1
    NO MINVALUE
    NO MAXVALUE
    CACHE 1
);


--
-- Name: core_user_user_permissions; Type: TABLE; Schema: public; Owner: django_user
--

CREATE TABLE public.core_user_user_permissions (
    id bigint NOT NULL,
    user_id bigint NOT NULL,
    permission_id integer NOT NULL
);


ALTER TABLE public.core_user_user_permissions OWNER TO django_user;

--
-- Name: core_user_user_permissions_id_seq; Type: SEQUENCE; Schema: public; Owner: django_user
--

ALTER TABLE public.core_user_user_permissions ALTER COLUMN id ADD GENERATED BY DEFAULT AS IDENTITY (
    SEQUENCE NAME public.core_user_user_permissions_id_seq
    START WITH 1
    INCREMENT BY 1
    NO MINVALUE
    NO MAXVALUE
    CACHE 1
);


--
-- Name: django_admin_log; Type: TABLE; Schema: public; Owner: django_user
--

CREATE TABLE public.django_admin_log (
    id integer NOT NULL,
    action_time timestamp with time zone NOT NULL,
    object_id text,
    object_repr character varying(200) NOT NULL,
    action_flag smallint NOT NULL,
    change_message text NOT NULL,
    content_type_id integer,
    user_id integer NOT NULL,
    CONSTRAINT django_admin_log_action_flag_check CHECK ((action_flag >= 0))
);


ALTER TABLE public.django_admin_log OWNER TO django_user;

--
-- Name: django_admin_log_id_seq; Type: SEQUENCE; Schema: public; Owner: django_user
--

ALTER TABLE public.django_admin_log ALTER COLUMN id ADD GENERATED BY DEFAULT AS IDENTITY (
    SEQUENCE NAME public.django_admin_log_id_seq
    START WITH 1
    INCREMENT BY 1
    NO MINVALUE
    NO MAXVALUE
    CACHE 1
);


--
-- Name: django_content_type; Type: TABLE; Schema: public; Owner: django_user
--

CREATE TABLE public.django_content_type (
    id integer NOT NULL,
    app_label character varying(100) NOT NULL,
    model character varying(100) NOT NULL
);


ALTER TABLE public.django_content_type OWNER TO django_user;

--
-- Name: django_content_type_id_seq; Type: SEQUENCE; Schema: public; Owner: django_user
--

ALTER TABLE public.django_content_type ALTER COLUMN id ADD GENERATED BY DEFAULT AS IDENTITY (
    SEQUENCE NAME public.django_content_type_id_seq
    START WITH 1
    INCREMENT BY 1
    NO MINVALUE
    NO MAXVALUE
    CACHE 1
);


--
-- Name: django_migrations; Type: TABLE; Schema: public; Owner: django_user
--

CREATE TABLE public.django_migrations (
    id bigint NOT NULL,
    app character varying(255) NOT NULL,
    name character varying(255) NOT NULL,
    applied timestamp with time zone NOT NULL
);


ALTER TABLE public.django_migrations OWNER TO django_user;

--
-- Name: django_migrations_id_seq; Type: SEQUENCE; Schema: public; Owner: django_user
--

ALTER TABLE public.django_migrations ALTER COLUMN id ADD GENERATED BY DEFAULT AS IDENTITY (
    SEQUENCE NAME public.django_migrations_id_seq
    START WITH 1
    INCREMENT BY 1
    NO MINVALUE
    NO MAXVALUE
    CACHE 1
);


--
-- Name: django_session; Type: TABLE; Schema: public; Owner: django_user
--

CREATE TABLE public.django_session (
    session_key character varying(40) NOT NULL,
    session_data text NOT NULL,
    expire_date timestamp with time zone NOT NULL
);


ALTER TABLE public.django_session OWNER TO django_user;

--
-- Data for Name: auth_group; Type: TABLE DATA; Schema: public; Owner: django_user
--

COPY public.auth_group (id, name) FROM stdin;
\.


--
-- Data for Name: auth_group_permissions; Type: TABLE DATA; Schema: public; Owner: django_user
--

COPY public.auth_group_permissions (id, group_id, permission_id) FROM stdin;
\.


--
-- Data for Name: auth_permission; Type: TABLE DATA; Schema: public; Owner: django_user
--

COPY public.auth_permission (id, name, content_type_id, codename) FROM stdin;
1	Can add log entry	1	add_logentry
2	Can change log entry	1	change_logentry
3	Can delete log entry	1	delete_logentry
4	Can view log entry	1	view_logentry
5	Can add permission	2	add_permission
6	Can change permission	2	change_permission
7	Can delete permission	2	delete_permission
8	Can view permission	2	view_permission
9	Can add group	3	add_group
10	Can change group	3	change_group
11	Can delete group	3	delete_group
12	Can view group	3	view_group
13	Can add user	4	add_user
14	Can change user	4	change_user
15	Can delete user	4	delete_user
16	Can view user	4	view_user
17	Can add content type	5	add_contenttype
18	Can change content type	5	change_contenttype
19	Can delete content type	5	delete_contenttype
20	Can view content type	5	view_contenttype
21	Can add session	6	add_session
22	Can change session	6	change_session
23	Can delete session	6	delete_session
24	Can view session	6	view_session
25	Can add registration	7	add_registration
26	Can change registration	7	change_registration
27	Can delete registration	7	delete_registration
28	Can view registration	7	view_registration
29	Can add course	8	add_course
30	Can change course	8	change_course
31	Can delete course	8	delete_course
32	Can view course	8	view_course
33	Can add user	9	add_user
34	Can change user	9	change_user
35	Can delete user	9	delete_user
36	Can view user	9	view_user
\.


--
-- Data for Name: auth_user; Type: TABLE DATA; Schema: public; Owner: django_user
--

COPY public.auth_user (id, password, last_login, is_superuser, username, first_name, last_name, email, is_staff, is_active, date_joined) FROM stdin;
\.


--
-- Data for Name: auth_user_groups; Type: TABLE DATA; Schema: public; Owner: django_user
--

COPY public.auth_user_groups (id, user_id, group_id) FROM stdin;
\.


--
-- Data for Name: auth_user_user_permissions; Type: TABLE DATA; Schema: public; Owner: django_user
--

COPY public.auth_user_user_permissions (id, user_id, permission_id) FROM stdin;
\.


--
-- Data for Name: core_course; Type: TABLE DATA; Schema: public; Owner: django_user
--

COPY public.core_course (id, name, code, faculty_id) FROM stdin;
1	Maths	101	2
3	Statistics	102	2
4	Python	103	2
6	DBMS	135	7
7	Java	341	7
8	PDSA	137	10
\.


--
-- Data for Name: core_registration; Type: TABLE DATA; Schema: public; Owner: django_user
--

COPY public.core_registration (id, course_id, student_id) FROM stdin;
1	1	1
2	3	1
3	3	3
4	4	3
5	4	8
6	6	8
7	1	9
8	6	9
9	8	11
10	6	11
\.


--
-- Data for Name: core_user; Type: TABLE DATA; Schema: public; Owner: django_user
--

COPY public.core_user (id, password, last_login, is_superuser, username, first_name, last_name, email, is_staff, is_active, date_joined, role) FROM stdin;
9	pbkdf2_sha256$1000000$cYTH8Mf9UNuJL7hfXd559x$KK+85IUuogthDwh4xr2DFmEPU/v0uwbDPjn4tg4t1jw=	2025-06-20 00:01:17.318315+05:30	f	student4			student4@ds.study.iitm.ac.in	f	t	2025-06-19 23:43:09.409377+05:30	student
10	pbkdf2_sha256$1000000$W8X10T4UB4IvbcVA3GxHbb$G5ay88XO8YJGuBJfgDt4sfeez9xtHAKN+Qd4xTdPB6w=	2025-06-20 00:03:44.782209+05:30	f	faculty3			faculty3@pod.iitm.ac.in	f	t	2025-06-20 00:03:44.774094+05:30	faculty
11	pbkdf2_sha256$1000000$eacIX7SuOHFlMPB5Usk3XX$IyonGOxXrIb15nD3BgkfecOcYEpfFr7y1w8O2o3yKlE=	2025-06-20 00:07:01.953458+05:30	f	student5			student5@ds.study.iitm.ac.in	f	t	2025-06-20 00:07:01.945457+05:30	student
1	pbkdf2_sha256$1000000$jUiHFrdGi1LsN7siZ7WMWs$XwF2xadmIzDVnxfsRgGOULczanKM20o2foFdRt00gFc=	2025-06-20 12:06:08.402673+05:30	f	student1			student1@ds.study.iitm.ac.in	f	t	2025-06-19 13:50:59.546559+05:30	student
2	pbkdf2_sha256$1000000$yMWMuPdFWlGhJ1d3sm5SI1$c/TdNZUvrvA0hkqLuY4bLaim2kGB4SpGJqOT32PweFs=	2025-06-20 12:07:20.830474+05:30	f	faculty1			faculty1@pod.iitm.ac.in	f	t	2025-06-19 13:51:13.980665+05:30	faculty
3	pbkdf2_sha256$1000000$tOja5PC1M3zoelqXmf5SfA$1C9f86MY90izTvoTQgJZvorwZEzbn2opPJU0W39LolY=	2025-06-19 17:36:02.860873+05:30	f	student2			student2@ds.study.iitm.ac.in	f	t	2025-06-19 17:30:18.872468+05:30	student
8	pbkdf2_sha256$1000000$1elB9baXHjMO9eIl1hgIHH$M0LX4vHyFbw2xoup4EFmE055rnnJany7W3HnILL9c2o=	2025-06-19 23:14:21.41358+05:30	f	student3			student3@ds.study.iitm.ac.in	f	t	2025-06-19 23:14:21.40103+05:30	student
7	pbkdf2_sha256$1000000$EOKpiVhMsIFX9Im46k2Kon$Ka4bzAbZKhIeSHtfI2KEK0rlXAMFzgHVa4nTKGa8X2s=	2025-06-19 23:23:44.38903+05:30	f	faculty2			faculty2@pod.iitm.ac.in	f	t	2025-06-19 23:08:48.88396+05:30	faculty
\.


--
-- Data for Name: core_user_groups; Type: TABLE DATA; Schema: public; Owner: django_user
--

COPY public.core_user_groups (id, user_id, group_id) FROM stdin;
\.


--
-- Data for Name: core_user_user_permissions; Type: TABLE DATA; Schema: public; Owner: django_user
--

COPY public.core_user_user_permissions (id, user_id, permission_id) FROM stdin;
\.


--
-- Data for Name: django_admin_log; Type: TABLE DATA; Schema: public; Owner: django_user
--

COPY public.django_admin_log (id, action_time, object_id, object_repr, action_flag, change_message, content_type_id, user_id) FROM stdin;
\.


--
-- Data for Name: django_content_type; Type: TABLE DATA; Schema: public; Owner: django_user
--

COPY public.django_content_type (id, app_label, model) FROM stdin;
1	admin	logentry
2	auth	permission
3	auth	group
4	auth	user
5	contenttypes	contenttype
6	sessions	session
7	core	registration
8	core	course
9	core	user
\.


--
-- Data for Name: django_migrations; Type: TABLE DATA; Schema: public; Owner: django_user
--

COPY public.django_migrations (id, app, name, applied) FROM stdin;
1	contenttypes	0001_initial	2025-06-19 13:31:58.729237+05:30
2	auth	0001_initial	2025-06-19 13:31:58.840586+05:30
3	admin	0001_initial	2025-06-19 13:31:58.873432+05:30
4	admin	0002_logentry_remove_auto_add	2025-06-19 13:31:58.887453+05:30
5	admin	0003_logentry_add_action_flag_choices	2025-06-19 13:31:58.908309+05:30
6	contenttypes	0002_remove_content_type_name	2025-06-19 13:31:58.946062+05:30
7	auth	0002_alter_permission_name_max_length	2025-06-19 13:31:58.958208+05:30
8	auth	0003_alter_user_email_max_length	2025-06-19 13:31:58.976803+05:30
9	auth	0004_alter_user_username_opts	2025-06-19 13:31:58.986808+05:30
10	auth	0005_alter_user_last_login_null	2025-06-19 13:31:59.004811+05:30
11	auth	0006_require_contenttypes_0002	2025-06-19 13:31:59.009815+05:30
12	auth	0007_alter_validators_add_error_messages	2025-06-19 13:31:59.022817+05:30
13	auth	0008_alter_user_username_max_length	2025-06-19 13:31:59.047385+05:30
14	auth	0009_alter_user_last_name_max_length	2025-06-19 13:31:59.054391+05:30
15	auth	0010_alter_group_name_max_length	2025-06-19 13:31:59.070762+05:30
16	auth	0011_update_proxy_permissions	2025-06-19 13:31:59.082762+05:30
17	auth	0012_alter_user_first_name_max_length	2025-06-19 13:31:59.092774+05:30
18	sessions	0001_initial	2025-06-19 13:31:59.129075+05:30
19	core	0001_initial	2025-06-19 13:38:51.368473+05:30
\.


--
-- Data for Name: django_session; Type: TABLE DATA; Schema: public; Owner: django_user
--

COPY public.django_session (session_key, session_data, expire_date) FROM stdin;
iwh6kywct92x7set2x9gpeya52s3l8yr	e30:1uSAX3:b3m0NvLM7ThglJ5agTZVZHOvc93NVv2W0JCg28efkOY	2025-07-03 13:52:01.512549+05:30
zj48nz036h62w674i6a6dtbdpdeoevbp	e30:1uSC98:bhbjHn0ww193wWPw2sYQ0kpZ12eWiYRtipwndmyhSKw	2025-07-03 15:35:26.705066+05:30
\.


--
-- Name: auth_group_id_seq; Type: SEQUENCE SET; Schema: public; Owner: django_user
--

SELECT pg_catalog.setval('public.auth_group_id_seq', 1, false);


--
-- Name: auth_group_permissions_id_seq; Type: SEQUENCE SET; Schema: public; Owner: django_user
--

SELECT pg_catalog.setval('public.auth_group_permissions_id_seq', 1, false);


--
-- Name: auth_permission_id_seq; Type: SEQUENCE SET; Schema: public; Owner: django_user
--

SELECT pg_catalog.setval('public.auth_permission_id_seq', 36, true);


--
-- Name: auth_user_groups_id_seq; Type: SEQUENCE SET; Schema: public; Owner: django_user
--

SELECT pg_catalog.setval('public.auth_user_groups_id_seq', 1, false);


--
-- Name: auth_user_id_seq; Type: SEQUENCE SET; Schema: public; Owner: django_user
--

SELECT pg_catalog.setval('public.auth_user_id_seq', 1, false);


--
-- Name: auth_user_user_permissions_id_seq; Type: SEQUENCE SET; Schema: public; Owner: django_user
--

SELECT pg_catalog.setval('public.auth_user_user_permissions_id_seq', 1, false);


--
-- Name: core_course_id_seq; Type: SEQUENCE SET; Schema: public; Owner: django_user
--

SELECT pg_catalog.setval('public.core_course_id_seq', 8, true);


--
-- Name: core_registration_id_seq; Type: SEQUENCE SET; Schema: public; Owner: django_user
--

SELECT pg_catalog.setval('public.core_registration_id_seq', 10, true);


--
-- Name: core_user_groups_id_seq; Type: SEQUENCE SET; Schema: public; Owner: django_user
--

SELECT pg_catalog.setval('public.core_user_groups_id_seq', 1, false);


--
-- Name: core_user_id_seq; Type: SEQUENCE SET; Schema: public; Owner: django_user
--

SELECT pg_catalog.setval('public.core_user_id_seq', 11, true);


--
-- Name: core_user_user_permissions_id_seq; Type: SEQUENCE SET; Schema: public; Owner: django_user
--

SELECT pg_catalog.setval('public.core_user_user_permissions_id_seq', 1, false);


--
-- Name: django_admin_log_id_seq; Type: SEQUENCE SET; Schema: public; Owner: django_user
--

SELECT pg_catalog.setval('public.django_admin_log_id_seq', 1, false);


--
-- Name: django_content_type_id_seq; Type: SEQUENCE SET; Schema: public; Owner: django_user
--

SELECT pg_catalog.setval('public.django_content_type_id_seq', 9, true);


--
-- Name: django_migrations_id_seq; Type: SEQUENCE SET; Schema: public; Owner: django_user
--

SELECT pg_catalog.setval('public.django_migrations_id_seq', 19, true);


--
-- Name: auth_group auth_group_name_key; Type: CONSTRAINT; Schema: public; Owner: django_user
--

ALTER TABLE ONLY public.auth_group
    ADD CONSTRAINT auth_group_name_key UNIQUE (name);


--
-- Name: auth_group_permissions auth_group_permissions_group_id_permission_id_0cd325b0_uniq; Type: CONSTRAINT; Schema: public; Owner: django_user
--

ALTER TABLE ONLY public.auth_group_permissions
    ADD CONSTRAINT auth_group_permissions_group_id_permission_id_0cd325b0_uniq UNIQUE (group_id, permission_id);


--
-- Name: auth_group_permissions auth_group_permissions_pkey; Type: CONSTRAINT; Schema: public; Owner: django_user
--

ALTER TABLE ONLY public.auth_group_permissions
    ADD CONSTRAINT auth_group_permissions_pkey PRIMARY KEY (id);


--
-- Name: auth_group auth_group_pkey; Type: CONSTRAINT; Schema: public; Owner: django_user
--

ALTER TABLE ONLY public.auth_group
    ADD CONSTRAINT auth_group_pkey PRIMARY KEY (id);


--
-- Name: auth_permission auth_permission_content_type_id_codename_01ab375a_uniq; Type: CONSTRAINT; Schema: public; Owner: django_user
--

ALTER TABLE ONLY public.auth_permission
    ADD CONSTRAINT auth_permission_content_type_id_codename_01ab375a_uniq UNIQUE (content_type_id, codename);


--
-- Name: auth_permission auth_permission_pkey; Type: CONSTRAINT; Schema: public; Owner: django_user
--

ALTER TABLE ONLY public.auth_permission
    ADD CONSTRAINT auth_permission_pkey PRIMARY KEY (id);


--
-- Name: auth_user_groups auth_user_groups_pkey; Type: CONSTRAINT; Schema: public; Owner: django_user
--

ALTER TABLE ONLY public.auth_user_groups
    ADD CONSTRAINT auth_user_groups_pkey PRIMARY KEY (id);


--
-- Name: auth_user_groups auth_user_groups_user_id_group_id_94350c0c_uniq; Type: CONSTRAINT; Schema: public; Owner: django_user
--

ALTER TABLE ONLY public.auth_user_groups
    ADD CONSTRAINT auth_user_groups_user_id_group_id_94350c0c_uniq UNIQUE (user_id, group_id);


--
-- Name: auth_user auth_user_pkey; Type: CONSTRAINT; Schema: public; Owner: django_user
--

ALTER TABLE ONLY public.auth_user
    ADD CONSTRAINT auth_user_pkey PRIMARY KEY (id);


--
-- Name: auth_user_user_permissions auth_user_user_permissions_pkey; Type: CONSTRAINT; Schema: public; Owner: django_user
--

ALTER TABLE ONLY public.auth_user_user_permissions
    ADD CONSTRAINT auth_user_user_permissions_pkey PRIMARY KEY (id);


--
-- Name: auth_user_user_permissions auth_user_user_permissions_user_id_permission_id_14a6b632_uniq; Type: CONSTRAINT; Schema: public; Owner: django_user
--

ALTER TABLE ONLY public.auth_user_user_permissions
    ADD CONSTRAINT auth_user_user_permissions_user_id_permission_id_14a6b632_uniq UNIQUE (user_id, permission_id);


--
-- Name: auth_user auth_user_username_key; Type: CONSTRAINT; Schema: public; Owner: django_user
--

ALTER TABLE ONLY public.auth_user
    ADD CONSTRAINT auth_user_username_key UNIQUE (username);


--
-- Name: core_course core_course_code_key; Type: CONSTRAINT; Schema: public; Owner: django_user
--

ALTER TABLE ONLY public.core_course
    ADD CONSTRAINT core_course_code_key UNIQUE (code);


--
-- Name: core_course core_course_pkey; Type: CONSTRAINT; Schema: public; Owner: django_user
--

ALTER TABLE ONLY public.core_course
    ADD CONSTRAINT core_course_pkey PRIMARY KEY (id);


--
-- Name: core_registration core_registration_pkey; Type: CONSTRAINT; Schema: public; Owner: django_user
--

ALTER TABLE ONLY public.core_registration
    ADD CONSTRAINT core_registration_pkey PRIMARY KEY (id);


--
-- Name: core_registration core_registration_student_id_course_id_175244ce_uniq; Type: CONSTRAINT; Schema: public; Owner: django_user
--

ALTER TABLE ONLY public.core_registration
    ADD CONSTRAINT core_registration_student_id_course_id_175244ce_uniq UNIQUE (student_id, course_id);


--
-- Name: core_user_groups core_user_groups_pkey; Type: CONSTRAINT; Schema: public; Owner: django_user
--

ALTER TABLE ONLY public.core_user_groups
    ADD CONSTRAINT core_user_groups_pkey PRIMARY KEY (id);


--
-- Name: core_user_groups core_user_groups_user_id_group_id_c82fcad1_uniq; Type: CONSTRAINT; Schema: public; Owner: django_user
--

ALTER TABLE ONLY public.core_user_groups
    ADD CONSTRAINT core_user_groups_user_id_group_id_c82fcad1_uniq UNIQUE (user_id, group_id);


--
-- Name: core_user core_user_pkey; Type: CONSTRAINT; Schema: public; Owner: django_user
--

ALTER TABLE ONLY public.core_user
    ADD CONSTRAINT core_user_pkey PRIMARY KEY (id);


--
-- Name: core_user_user_permissions core_user_user_permissions_pkey; Type: CONSTRAINT; Schema: public; Owner: django_user
--

ALTER TABLE ONLY public.core_user_user_permissions
    ADD CONSTRAINT core_user_user_permissions_pkey PRIMARY KEY (id);


--
-- Name: core_user_user_permissions core_user_user_permissions_user_id_permission_id_73ea0daa_uniq; Type: CONSTRAINT; Schema: public; Owner: django_user
--

ALTER TABLE ONLY public.core_user_user_permissions
    ADD CONSTRAINT core_user_user_permissions_user_id_permission_id_73ea0daa_uniq UNIQUE (user_id, permission_id);


--
-- Name: core_user core_user_username_key; Type: CONSTRAINT; Schema: public; Owner: django_user
--

ALTER TABLE ONLY public.core_user
    ADD CONSTRAINT core_user_username_key UNIQUE (username);


--
-- Name: django_admin_log django_admin_log_pkey; Type: CONSTRAINT; Schema: public; Owner: django_user
--

ALTER TABLE ONLY public.django_admin_log
    ADD CONSTRAINT django_admin_log_pkey PRIMARY KEY (id);


--
-- Name: django_content_type django_content_type_app_label_model_76bd3d3b_uniq; Type: CONSTRAINT; Schema: public; Owner: django_user
--

ALTER TABLE ONLY public.django_content_type
    ADD CONSTRAINT django_content_type_app_label_model_76bd3d3b_uniq UNIQUE (app_label, model);


--
-- Name: django_content_type django_content_type_pkey; Type: CONSTRAINT; Schema: public; Owner: django_user
--

ALTER TABLE ONLY public.django_content_type
    ADD CONSTRAINT django_content_type_pkey PRIMARY KEY (id);


--
-- Name: django_migrations django_migrations_pkey; Type: CONSTRAINT; Schema: public; Owner: django_user
--

ALTER TABLE ONLY public.django_migrations
    ADD CONSTRAINT django_migrations_pkey PRIMARY KEY (id);


--
-- Name: django_session django_session_pkey; Type: CONSTRAINT; Schema: public; Owner: django_user
--

ALTER TABLE ONLY public.django_session
    ADD CONSTRAINT django_session_pkey PRIMARY KEY (session_key);


--
-- Name: auth_group_name_a6ea08ec_like; Type: INDEX; Schema: public; Owner: django_user
--

CREATE INDEX auth_group_name_a6ea08ec_like ON public.auth_group USING btree (name varchar_pattern_ops);


--
-- Name: auth_group_permissions_group_id_b120cbf9; Type: INDEX; Schema: public; Owner: django_user
--

CREATE INDEX auth_group_permissions_group_id_b120cbf9 ON public.auth_group_permissions USING btree (group_id);


--
-- Name: auth_group_permissions_permission_id_84c5c92e; Type: INDEX; Schema: public; Owner: django_user
--

CREATE INDEX auth_group_permissions_permission_id_84c5c92e ON public.auth_group_permissions USING btree (permission_id);


--
-- Name: auth_permission_content_type_id_2f476e4b; Type: INDEX; Schema: public; Owner: django_user
--

CREATE INDEX auth_permission_content_type_id_2f476e4b ON public.auth_permission USING btree (content_type_id);


--
-- Name: auth_user_groups_group_id_97559544; Type: INDEX; Schema: public; Owner: django_user
--

CREATE INDEX auth_user_groups_group_id_97559544 ON public.auth_user_groups USING btree (group_id);


--
-- Name: auth_user_groups_user_id_6a12ed8b; Type: INDEX; Schema: public; Owner: django_user
--

CREATE INDEX auth_user_groups_user_id_6a12ed8b ON public.auth_user_groups USING btree (user_id);


--
-- Name: auth_user_user_permissions_permission_id_1fbb5f2c; Type: INDEX; Schema: public; Owner: django_user
--

CREATE INDEX auth_user_user_permissions_permission_id_1fbb5f2c ON public.auth_user_user_permissions USING btree (permission_id);


--
-- Name: auth_user_user_permissions_user_id_a95ead1b; Type: INDEX; Schema: public; Owner: django_user
--

CREATE INDEX auth_user_user_permissions_user_id_a95ead1b ON public.auth_user_user_permissions USING btree (user_id);


--
-- Name: auth_user_username_6821ab7c_like; Type: INDEX; Schema: public; Owner: django_user
--

CREATE INDEX auth_user_username_6821ab7c_like ON public.auth_user USING btree (username varchar_pattern_ops);


--
-- Name: core_course_code_8d4a7681_like; Type: INDEX; Schema: public; Owner: django_user
--

CREATE INDEX core_course_code_8d4a7681_like ON public.core_course USING btree (code varchar_pattern_ops);


--
-- Name: core_course_faculty_id_1dacaf31; Type: INDEX; Schema: public; Owner: django_user
--

CREATE INDEX core_course_faculty_id_1dacaf31 ON public.core_course USING btree (faculty_id);


--
-- Name: core_registration_course_id_0f33a7fc; Type: INDEX; Schema: public; Owner: django_user
--

CREATE INDEX core_registration_course_id_0f33a7fc ON public.core_registration USING btree (course_id);


--
-- Name: core_registration_student_id_38991963; Type: INDEX; Schema: public; Owner: django_user
--

CREATE INDEX core_registration_student_id_38991963 ON public.core_registration USING btree (student_id);


--
-- Name: core_user_groups_group_id_fe8c697f; Type: INDEX; Schema: public; Owner: django_user
--

CREATE INDEX core_user_groups_group_id_fe8c697f ON public.core_user_groups USING btree (group_id);


--
-- Name: core_user_groups_user_id_70b4d9b8; Type: INDEX; Schema: public; Owner: django_user
--

CREATE INDEX core_user_groups_user_id_70b4d9b8 ON public.core_user_groups USING btree (user_id);


--
-- Name: core_user_user_permissions_permission_id_35ccf601; Type: INDEX; Schema: public; Owner: django_user
--

CREATE INDEX core_user_user_permissions_permission_id_35ccf601 ON public.core_user_user_permissions USING btree (permission_id);


--
-- Name: core_user_user_permissions_user_id_085123d3; Type: INDEX; Schema: public; Owner: django_user
--

CREATE INDEX core_user_user_permissions_user_id_085123d3 ON public.core_user_user_permissions USING btree (user_id);


--
-- Name: core_user_username_36e4f7f7_like; Type: INDEX; Schema: public; Owner: django_user
--

CREATE INDEX core_user_username_36e4f7f7_like ON public.core_user USING btree (username varchar_pattern_ops);


--
-- Name: django_admin_log_content_type_id_c4bce8eb; Type: INDEX; Schema: public; Owner: django_user
--

CREATE INDEX django_admin_log_content_type_id_c4bce8eb ON public.django_admin_log USING btree (content_type_id);


--
-- Name: django_admin_log_user_id_c564eba6; Type: INDEX; Schema: public; Owner: django_user
--

CREATE INDEX django_admin_log_user_id_c564eba6 ON public.django_admin_log USING btree (user_id);


--
-- Name: django_session_expire_date_a5c62663; Type: INDEX; Schema: public; Owner: django_user
--

CREATE INDEX django_session_expire_date_a5c62663 ON public.django_session USING btree (expire_date);


--
-- Name: django_session_session_key_c0390e0f_like; Type: INDEX; Schema: public; Owner: django_user
--

CREATE INDEX django_session_session_key_c0390e0f_like ON public.django_session USING btree (session_key varchar_pattern_ops);


--
-- Name: auth_group_permissions auth_group_permissio_permission_id_84c5c92e_fk_auth_perm; Type: FK CONSTRAINT; Schema: public; Owner: django_user
--

ALTER TABLE ONLY public.auth_group_permissions
    ADD CONSTRAINT auth_group_permissio_permission_id_84c5c92e_fk_auth_perm FOREIGN KEY (permission_id) REFERENCES public.auth_permission(id) DEFERRABLE INITIALLY DEFERRED;


--
-- Name: auth_group_permissions auth_group_permissions_group_id_b120cbf9_fk_auth_group_id; Type: FK CONSTRAINT; Schema: public; Owner: django_user
--

ALTER TABLE ONLY public.auth_group_permissions
    ADD CONSTRAINT auth_group_permissions_group_id_b120cbf9_fk_auth_group_id FOREIGN KEY (group_id) REFERENCES public.auth_group(id) DEFERRABLE INITIALLY DEFERRED;


--
-- Name: auth_permission auth_permission_content_type_id_2f476e4b_fk_django_co; Type: FK CONSTRAINT; Schema: public; Owner: django_user
--

ALTER TABLE ONLY public.auth_permission
    ADD CONSTRAINT auth_permission_content_type_id_2f476e4b_fk_django_co FOREIGN KEY (content_type_id) REFERENCES public.django_content_type(id) DEFERRABLE INITIALLY DEFERRED;


--
-- Name: auth_user_groups auth_user_groups_group_id_97559544_fk_auth_group_id; Type: FK CONSTRAINT; Schema: public; Owner: django_user
--

ALTER TABLE ONLY public.auth_user_groups
    ADD CONSTRAINT auth_user_groups_group_id_97559544_fk_auth_group_id FOREIGN KEY (group_id) REFERENCES public.auth_group(id) DEFERRABLE INITIALLY DEFERRED;


--
-- Name: auth_user_groups auth_user_groups_user_id_6a12ed8b_fk_auth_user_id; Type: FK CONSTRAINT; Schema: public; Owner: django_user
--

ALTER TABLE ONLY public.auth_user_groups
    ADD CONSTRAINT auth_user_groups_user_id_6a12ed8b_fk_auth_user_id FOREIGN KEY (user_id) REFERENCES public.auth_user(id) DEFERRABLE INITIALLY DEFERRED;


--
-- Name: auth_user_user_permissions auth_user_user_permi_permission_id_1fbb5f2c_fk_auth_perm; Type: FK CONSTRAINT; Schema: public; Owner: django_user
--

ALTER TABLE ONLY public.auth_user_user_permissions
    ADD CONSTRAINT auth_user_user_permi_permission_id_1fbb5f2c_fk_auth_perm FOREIGN KEY (permission_id) REFERENCES public.auth_permission(id) DEFERRABLE INITIALLY DEFERRED;


--
-- Name: auth_user_user_permissions auth_user_user_permissions_user_id_a95ead1b_fk_auth_user_id; Type: FK CONSTRAINT; Schema: public; Owner: django_user
--

ALTER TABLE ONLY public.auth_user_user_permissions
    ADD CONSTRAINT auth_user_user_permissions_user_id_a95ead1b_fk_auth_user_id FOREIGN KEY (user_id) REFERENCES public.auth_user(id) DEFERRABLE INITIALLY DEFERRED;


--
-- Name: core_course core_course_faculty_id_1dacaf31_fk_core_user_id; Type: FK CONSTRAINT; Schema: public; Owner: django_user
--

ALTER TABLE ONLY public.core_course
    ADD CONSTRAINT core_course_faculty_id_1dacaf31_fk_core_user_id FOREIGN KEY (faculty_id) REFERENCES public.core_user(id) DEFERRABLE INITIALLY DEFERRED;


--
-- Name: core_registration core_registration_course_id_0f33a7fc_fk_core_course_id; Type: FK CONSTRAINT; Schema: public; Owner: django_user
--

ALTER TABLE ONLY public.core_registration
    ADD CONSTRAINT core_registration_course_id_0f33a7fc_fk_core_course_id FOREIGN KEY (course_id) REFERENCES public.core_course(id) DEFERRABLE INITIALLY DEFERRED;


--
-- Name: core_registration core_registration_student_id_38991963_fk_core_user_id; Type: FK CONSTRAINT; Schema: public; Owner: django_user
--

ALTER TABLE ONLY public.core_registration
    ADD CONSTRAINT core_registration_student_id_38991963_fk_core_user_id FOREIGN KEY (student_id) REFERENCES public.core_user(id) DEFERRABLE INITIALLY DEFERRED;


--
-- Name: core_user_groups core_user_groups_group_id_fe8c697f_fk_auth_group_id; Type: FK CONSTRAINT; Schema: public; Owner: django_user
--

ALTER TABLE ONLY public.core_user_groups
    ADD CONSTRAINT core_user_groups_group_id_fe8c697f_fk_auth_group_id FOREIGN KEY (group_id) REFERENCES public.auth_group(id) DEFERRABLE INITIALLY DEFERRED;


--
-- Name: core_user_groups core_user_groups_user_id_70b4d9b8_fk_core_user_id; Type: FK CONSTRAINT; Schema: public; Owner: django_user
--

ALTER TABLE ONLY public.core_user_groups
    ADD CONSTRAINT core_user_groups_user_id_70b4d9b8_fk_core_user_id FOREIGN KEY (user_id) REFERENCES public.core_user(id) DEFERRABLE INITIALLY DEFERRED;


--
-- Name: core_user_user_permissions core_user_user_permi_permission_id_35ccf601_fk_auth_perm; Type: FK CONSTRAINT; Schema: public; Owner: django_user
--

ALTER TABLE ONLY public.core_user_user_permissions
    ADD CONSTRAINT core_user_user_permi_permission_id_35ccf601_fk_auth_perm FOREIGN KEY (permission_id) REFERENCES public.auth_permission(id) DEFERRABLE INITIALLY DEFERRED;


--
-- Name: core_user_user_permissions core_user_user_permissions_user_id_085123d3_fk_core_user_id; Type: FK CONSTRAINT; Schema: public; Owner: django_user
--

ALTER TABLE ONLY public.core_user_user_permissions
    ADD CONSTRAINT core_user_user_permissions_user_id_085123d3_fk_core_user_id FOREIGN KEY (user_id) REFERENCES public.core_user(id) DEFERRABLE INITIALLY DEFERRED;


--
-- Name: django_admin_log django_admin_log_content_type_id_c4bce8eb_fk_django_co; Type: FK CONSTRAINT; Schema: public; Owner: django_user
--

ALTER TABLE ONLY public.django_admin_log
    ADD CONSTRAINT django_admin_log_content_type_id_c4bce8eb_fk_django_co FOREIGN KEY (content_type_id) REFERENCES public.django_content_type(id) DEFERRABLE INITIALLY DEFERRED;


--
-- Name: django_admin_log django_admin_log_user_id_c564eba6_fk_auth_user_id; Type: FK CONSTRAINT; Schema: public; Owner: django_user
--

ALTER TABLE ONLY public.django_admin_log
    ADD CONSTRAINT django_admin_log_user_id_c564eba6_fk_auth_user_id FOREIGN KEY (user_id) REFERENCES public.auth_user(id) DEFERRABLE INITIALLY DEFERRED;


--
-- Name: SCHEMA public; Type: ACL; Schema: -; Owner: pg_database_owner
--

GRANT ALL ON SCHEMA public TO django_user;


--
-- PostgreSQL database dump complete
--

